name,varplace
2Hollis, USA
3 Doors Down,USA
50 Cent,USA
800pts,USA
A$AP Mob,USA
A$AP Rocky,USA
Action Bronson,USA
Alien Ant Farm,USA
Alicia Keys,USA
Autumn!,USA
Avril Lavigne,USA
B1 R.O.M X Deffie,USA
Bad Bunny,USA
BADBADNOTGOOD,USA
Bandakay,USA
Bandmanrill,USA
BELLZ,USA
Benny the Butcher,USA
Billy Woods, USA
Black Kray,USA
Blink 182,USA
Blueface,USA
Boldy James,USA
Bon Jovi,USA
Burna Boy,USA
Cannon ThaBeast,USA
Cash Cobain,USA
Chappell Roan,USA
Chase Fetti,USA
che,USA
Chief Keef,USA
Chow Lee,USA
Chris McClenney,USA
Christian Rich,USA
Clockwork Indigo,USA
COMMODORE,USA
D-Block Europe,USA
D-Boa,USA
David Bowie,USA
Dean Blunt,USA
Denzel Curry,USA
Devstacks,USA
Domo Genesis,USA
Drake,USA
Drakeo the Ruler,USA
Earl Sweatshirt,USA
Eera,USA
Empire Of The Sun,USA
Erykah Badu,USA
Evanescence,USA
Fall Out Boy,USA
FEB PHONZO,USA
Flatbush Zombies,USA
Fountains of Wayne,USA
Galimatias,USA
Glokk40Spaz,USA
Gravez,USA
Gunna,USA
Haze,USA
High Klassified,USA
Ian,USA
IDPizzle,USA
J. Cole,USA
J.K. The Reaper,USA
James Blake,USA
Jamiroquai,USA
Janet Jackson,USA
JAŸ-Z,USA
Jesse James Solomon,USA
Jill Scott,USA
Jim Jones, USA
Jimmy Eat World,USA
Joey Trap,USA
Jon Bap,USA
Journey,USA
Justin Timberlake,USA
Kaytranada,USA
Kendrick Lamar, USA
Kevin McCall,USA
Knxwledge,USA
Konan,USA
Krept,USA
Kris Bowers,USA
Kwasi Kao,USA
LAZERDIM700,USA
LD,USA
Lil Baby,USA
Lil Wayne, USA
LOFTY 305,USA
Louis The Child,USA
Lucy Bedroque,USA
Marian Hill,USA
Masafumi Takada,USA
Masego,USA
Max B,USA
MIKE, USA
Monkey 67,USA
Monte Booker,USA
mura masa,USA
My Chemical Romance,USA
Nathaniel Ozuski,USA
NAV, Canada
Nine Vicious,USA
NSG,USA
NSYNC,USA
Oh Wonder,USA
oshi,USA
OT7 Quanny,USA
Packflip$,USA
Pagani,USA
Panic! at the Disco,USA
paris jones,USA
PARTYNEXTDOOR,USA
Playboi Carti,USA
Polo Perks,USA
Pop Smoke,USA
Premo Rice,USA
PYRMDPLAZA,USA
Queen,USA
Rascal,USA
Rich Amiri,USA
Roc Marciano,USA
ROMderful.,USA
Roscoe Dash,USA
Saint Klawd,USA
Sango,USA
SenseiATL,USA
Shad Da God,USA
Shy Glizzy,USA
Sickboyrari,USA
Skepta,USA
Ski Mask the Slump,USA
Skrilla,USA
Skye Morales,USA
sleek,USA
SlimeGetEm,USA
Smash Mouth,USA
Smino,USA
Speaker Knockers,USA
Spice Girls,USA
Sulu,USA
Summrs,USA
Tails,USA
Tay-K,USA
The Cranberries,USA
The Killers,USA
The Virus And The Antidote,USA
Tinashe,USA
Tion Wayne,USA
TNGHT,USA
Tokyo's Revenge,USA
Tony Shhnow,USA
Tora,USA
Towkio,USA
Travis Scott,USA
Trippie Redd,USA
Tunji Ige,USA
Turbo,USA
2wo2imes,USA
Vic Mensa,USA
weird inside,USA
Westside Gunn,USA
Wheatus,USA
XXXTentacion,USA
Young Chop,USA
yung bae,USA
Yung Fazo, USA
Yung Splash!,USA
ZeelooperZ, USA
6ix9ine, USA
Murda Beatz, Canada